{
  "S1_packet_loss": {
    "centralized": {
      "levels": [
        0.0,
        0.1,
        0.3,
        0.5,
        0.7,
        0.9
      ],
      "coverage_mean": [
        0.9111367397898983,
        0.9311989662417633,
        0.9319770350870429,
        0.9534455455687534,
        0.9443564741404942,
        0.9088277477279393
      ],
      "detection_mean": [
        1.0,
        1.0,
        1.0,
        1.0,
        1.0,
        1.0
      ],
      "coverage_resilience_auc": 1.0268921726306515
    },
    "decentralized": {
      "levels": [
        0.0,
        0.1,
        0.3,
        0.5,
        0.7,
        0.9
      ],
      "coverage_mean": [
        0.9502814958080898,
        0.9282747110564284,
        0.888546845676038,
        0.9399477991132044,
        0.921060045491158,
        0.9522460114127094
      ],
      "detection_mean": [
        1.0,
        1.0,
        1.0,
        1.0,
        1.0,
        1.0
      ],
      "coverage_resilience_auc": 0.9726835028660004
    },
    "stigmergy": {
      "levels": [
        0.0,
        0.1,
        0.3,
        0.5,
        0.7,
        0.9
      ],
      "coverage_mean": [
        0.897077539090505,
        0.9427048569396059,
        0.8888672121434833,
        0.9155095948405443,
        0.9466602073136828,
        0.9374848365146593
      ],
      "detection_mean": [
        1.0,
        1.0,
        1.0,
        1.0,
        1.0,
        1.0
      ],
      "coverage_resilience_auc": 1.0282964599918551
    }
  },
  "S2_range": {
    "centralized": {
      "levels": [
        0.0,
        0.3,
        0.6,
        0.8,
        0.95
      ],
      "coverage_mean": [
        0.9684370788743218,
        0.8376596556934333,
        0.5406479475185479,
        0.29595767112083776,
        0.13721471310516453
      ],
      "detection_mean": [
        1.0,
        0.8666666666666667,
        0.55,
        0.30833333333333335,
        0.14166666666666666
      ],
      "coverage_resilience_auc": 0.6454340376732772
    },
    "decentralized": {
      "levels": [
        0.0,
        0.3,
        0.6,
        0.8,
        0.95
      ],
      "coverage_mean": [
        0.9501799935081128,
        0.9497876099963123,
        0.9240334626299295,
        0.9080429111031862,
        0.9584170483152815
      ],
      "detection_mean": [
        1.0,
        1.0,
        1.0,
        1.0,
        1.0
      ],
      "coverage_resilience_auc": 0.9851434706830783
    },
    "stigmergy": {
      "levels": [
        0.0,
        0.3,
        0.6,
        0.8,
        0.95
      ],
      "coverage_mean": [
        0.9304635989146822,
        0.9135867140194616,
        0.9368623830345595,
        0.9502606573993144,
        0.9470104621026927
      ],
      "detection_mean": [
        1.0,
        1.0,
        1.0,
        1.0,
        1.0
      ],
      "coverage_resilience_auc": 1.0014052197508554
    }
  }
}