{
  "perfect": {
    "centralized": {
      "levels": [
        0.0
      ],
      "coverage_mean": [
        0.9151570493777081
      ],
      "detection_mean": [
        1.0
      ],
      "mission_time_mean": [
        75.9
      ],
      "coverage_auc": 0.9151570493777081
    },
    "decentralized": {
      "levels": [
        0.0
      ],
      "coverage_mean": [
        0.951343282022939
      ],
      "detection_mean": [
        1.0
      ],
      "mission_time_mean": [
        76.7
      ],
      "coverage_auc": 0.951343282022939
    },
    "stigmergy": {
      "levels": [
        0.0
      ],
      "coverage_mean": [
        0.9228972321548573
      ],
      "detection_mean": [
        1.0
      ],
      "mission_time_mean": [
        192.4
      ],
      "coverage_auc": 0.9228972321548573
    }
  },
  "packet_loss": {
    "centralized": {
      "levels": [
        0.0,
        0.05,
        0.1,
        0.2
      ],
      "coverage_mean": [
        0.9151570493777081,
        0.9421633892715576,
        0.9370487656311154,
        0.9610422889942916
      ],
      "detection_mean": [
        1.0,
        1.0,
        1.0,
        1.0
      ],
      "mission_time_mean": [
        75.9,
        84.2,
        85.1,
        88.4
      ],
      "coverage_auc": 1.028882789561212
    },
    "decentralized": {
      "levels": [
        0.0,
        0.05,
        0.1,
        0.2
      ],
      "coverage_mean": [
        0.951343282022939,
        0.9167790949733619,
        0.9287070479234332,
        0.9018034125026059
      ],
      "detection_mean": [
        1.0,
        1.0,
        1.0,
        1.0
      ],
      "mission_time_mean": [
        76.7,
        71.7,
        77.4,
        73.2
      ],
      "coverage_auc": 0.9689758655077352
    },
    "stigmergy": {
      "levels": [
        0.0,
        0.05,
        0.1,
        0.2
      ],
      "coverage_mean": [
        0.9558397016821024,
        0.8842897202032812,
        0.9321274700302693,
        0.9490891203574506
      ],
      "detection_mean": [
        1.0,
        1.0,
        1.0,
        1.0
      ],
      "mission_time_mean": [
        228.5,
        179.4,
        204.0,
        184.6
      ],
      "coverage_auc": 0.9702175715026184
    }
  },
  "range": {
    "centralized": {
      "levels": [
        0.0,
        0.4,
        0.6,
        0.8
      ],
      "coverage_mean": [
        0.966917740918824,
        0.7497024705179187,
        0.5435734576747194,
        0.2984011081945059
      ],
      "detection_mean": [
        1.0,
        0.7666666666666668,
        0.5599999999999999,
        0.3066666666666667
      ],
      "mission_time_mean": [
        433.7,
        NaN,
        NaN,
        NaN
      ],
      "coverage_auc": 0.7198765056844223
    },
    "decentralized": {
      "levels": [
        0.0,
        0.4,
        0.6,
        0.8
      ],
      "coverage_mean": [
        0.9512620801829573,
        0.9490545406435136,
        0.9336671643376289,
        0.9220542729106119
      ],
      "detection_mean": [
        1.0,
        1.0,
        1.0,
        1.0
      ],
      "mission_time_mean": [
        76.9,
        77.3,
        78.6,
        90.4
      ],
      "coverage_auc": 0.9906676273735633
    },
    "stigmergy": {
      "levels": [
        0.0,
        0.4,
        0.6,
        0.8
      ],
      "coverage_mean": [
        0.9285828080175852,
        0.948070754792964,
        0.9596008895823782,
        0.9436931595910716
      ],
      "detection_mean": [
        1.0,
        1.0,
        1.0,
        1.0
      ],
      "mission_time_mean": [
        182.3,
        203.7,
        202.7,
        189.5
      ],
      "coverage_auc": 1.0182550163887272
    }
  },
  "dead_zone": {
    "centralized": {
      "levels": [
        0.0,
        0.1,
        0.2,
        0.3
      ],
      "coverage_mean": [
        0.9151570493777081,
        0.9111556377680537,
        0.7735094333850844,
        0.6184256143804617
      ],
      "detection_mean": [
        1.0,
        0.9,
        0.7733333333333333,
        0.6000000000000001
      ],
      "mission_time_mean": [
        75.9,
        91.5,
        119.0,
        NaN
      ],
      "coverage_auc": 0.892909184166504
    },
    "decentralized": {
      "levels": [
        0.0,
        0.1,
        0.2,
        0.3
      ],
      "coverage_mean": [
        0.951343282022939,
        0.9293028389844507,
        0.9389337011835648,
        0.942760952749536
      ],
      "detection_mean": [
        1.0,
        1.0,
        1.0,
        1.0
      ],
      "mission_time_mean": [
        76.7,
        84.7,
        92.1,
        107.1
      ],
      "coverage_auc": 0.9864257941913512
    },
    "stigmergy": {
      "levels": [
        0.0,
        0.1,
        0.2,
        0.3
      ],
      "coverage_mean": [
        0.9391039674106694,
        0.9379725736771256,
        0.9294126543309643,
        0.9093651640636597
      ],
      "detection_mean": [
        1.0,
        1.0,
        1.0,
        1.0
      ],
      "mission_time_mean": [
        185.5,
        197.1,
        191.7,
        180.4
      ],
      "coverage_auc": 0.9908806304100021
    }
  },
  "node_failure": {
    "centralized": {
      "levels": [
        0.0,
        0.25,
        0.5,
        0.75
      ],
      "coverage_mean": [
        0.9701606038733586,
        0.9735666545859363,
        0.866450863061497,
        0.5297855801335565
      ],
      "detection_mean": [
        1.0,
        1.0,
        0.93,
        0.5766666666666667
      ],
      "mission_time_mean": [
        325.2,
        416.5,
        628.7142857142857,
        NaN
      ],
      "coverage_auc": 0.8898837983836126
    },
    "decentralized": {
      "levels": [
        0.0,
        0.25,
        0.5,
        0.75
      ],
      "coverage_mean": [
        0.9772570772758427,
        0.9773768861144425,
        0.9390339694635909,
        0.6567961458409927
      ],
      "detection_mean": [
        1.0,
        1.0,
        0.9466666666666667,
        0.6666666666666667
      ],
      "mission_time_mean": [
        329.9,
        450.0,
        653.7142857142857,
        NaN
      ],
      "coverage_auc": 0.9323501907181738
    },
    "stigmergy": {
      "levels": [
        0.0,
        0.25,
        0.5,
        0.75
      ],
      "coverage_mean": [
        0.7930996250450761,
        0.6793228164422604,
        0.4698749522576972,
        0.288981907604981
      ],
      "detection_mean": [
        0.7833333333333334,
        0.6833333333333333,
        0.41,
        0.2633333333333333
      ],
      "mission_time_mean": [
        NaN,
        NaN,
        NaN,
        NaN
      ],
      "coverage_auc": 0.7103935334433009
    }
  },
  "node_failure_targeted": {
    "centralized": {
      "levels": [
        0.0,
        0.25,
        0.5,
        0.75
      ],
      "coverage_mean": [
        0.9701606038733586,
        0.9669886210996566,
        0.8126010402141862,
        0.5054385620888068
      ],
      "detection_mean": [
        1.0,
        1.0,
        0.8533333333333333,
        0.4999999999999999
      ],
      "mission_time_mean": [
        325.2,
        414.9,
        597.2,
        NaN
      ],
      "coverage_auc": 0.8649390057152285
    },
    "decentralized": {
      "levels": [
        0.0,
        0.25,
        0.5,
        0.75
      ],
      "coverage_mean": [
        0.9772570772758427,
        0.9267063955634377,
        0.8781527445572026,
        0.4940563151792371
      ],
      "detection_mean": [
        1.0,
        0.9733333333333334,
        0.8633333333333333,
        0.5333333333333334
      ],
      "mission_time_mean": [
        329.9,
        391.625,
        711.1666666666666,
        NaN
      ],
      "coverage_auc": 0.866546410159207
    },
    "stigmergy": {
      "levels": [
        0.0,
        0.25,
        0.5,
        0.75
      ],