{
  "baseline_coverage_S0": 0.9111367397898983,
  "packet_loss_levels": [
    0.0,
    0.1,
    0.3,
    0.5,
    0.7,
    0.9
  ],
  "coverage_mean": [
    0.9111367397898983,
    0.9311989662417633,
    0.9319770350870429,
    0.9534455455687534,
    0.9443564741404942,
    0.9088277477279393
  ],
  "coverage_std": [
    0.06271718276702574,
    0.06799831440721643,
    0.06339343664760572,
    0.04713329444407874,
    0.061439406537301434,
    0.10178483390188224
  ],
  "detection_rate_mean": [
    1.0,
    1.0,
    1.0,
    1.0,
    1.0,
    1.0
  ],
  "coverage_resilience_auc": 1.0268921726306515
}